B10K-Dromaius_novaehollandiae	Dromaius_novaehollandiae	Casuariiformes
B10K-Casuarius_casuarius	Casuarius_casuarius	Casuariiformes
OUT-0028	Apteryx_rowi	Apterygiformes
B10K-Nothocercus_nigrocapillus	Nothocercus_nigrocapillus	Tinamiformes
B10K-Nothocercus_julius	Nothocercus_julius	Tinamiformes
APP-044	Tinamus_guttatus	Tinamiformes
B10K-Crypturellus_soui	Crypturellus_soui	Tinamiformes
OUT-0029	Crypturellus_cinnamomeus	Tinamiformes
B10K-Crypturellus_undulatus	Crypturellus_undulatus	Tinamiformes
OUT-0030	Nothoprocta_perdicaria	Tinamiformes
B10K-Nothoprocta_ornata	Nothoprocta_ornata	Tinamiformes
B10K-Nothoprocta_pentlandii	Nothoprocta_pentlandii	Tinamiformes
B10K-Eudromia_elegans	Eudromia_elegans	Tinamiformes
OUT-0031	Rhea_americana	Rheiformes
OUT-0032	Rhea_pennata	Rheiformes
APP-039	Podiceps_cristatus	Phoenicopteriformes
B10K-DU-009-04	Podilymbus_podiceps	Phoenicopteriformes
APP-037	Phoenicopterus_ruber	Phoenicopteriformes
APP-030	Mesitornis_unicolor	Mesitornithiformes
B10K-DU-003-42	Syrrhaptes_paradoxus	Pterocliformes
APP-040	Pterocles_gutturalis	Pterocliformes
B10K-DU-027-49	Pterocles_burchelli	Pterocliformes
B10K-DU-021-26	Columbina_picui	Columbiformes
NCBI-019	Patagioenas_fasciata	Columbiformes
APP-015	Columba_livia	Columbiformes
B10K-DU-006-06	Alopecoenas_beccarii	Columbiformes
B10K-DU-001-56	Nyctibius_grandis	Caprimulgiformes
B10K-CU-031-10	Nyctibius_bracteatus	Caprimulgiformes
B10K-DU-001-40	Podargus_strigoides	Caprimulgiformes
B10K-DU-029-76	Aegotheles_bennettii	Caprimulgiformes
B10K-DU-001-23	Hemiprocne_comata	Caprimulgiformes
APP-008	Calypte_anna	Caprimulgiformes
B10K-DU-008-62	Chordeiles_acutipennis	Caprimulgiformes
APP-009	Antrostomus_carolinensis	Caprimulgiformes
B10K-DU-005-01	Nyctiprogne_leucopyga	Caprimulgiformes
APP-043	Tauraco_erythrolophus	Musophagiformes
B10K-DU-011-20	Corythaixoides_concolor	Musophagiformes
B10K-CU-031-40	Corythaeola_cristata	Musophagiformes
B10K-CU-031-23	Lophotis_ruficrista	Otidiformes
APP-013	Chlamydotis_macqueenii	Otidiformes
B10K-CU-031-01	Ardeotis_kori	Otidiformes
B10K-DU-003-44	Crotophaga_sulcirostris	Cuculiformes
B10K-DU-017-25	Centropus_unirufus	Cuculiformes
B10K-CU-031-02	Ceuthmochares_aereus	Cuculiformes
B10K-DU-008-47	Piaya_cayana	Cuculiformes
APP-017	Cuculus_canorus	Cuculiformes
APP-026	Leptosomus_discolor	Leptosomatiformes
B10K-DU-002-35	Rhinopomastus_cyanomelas	Bucerotiformes
B10K-DU-012-37	Upupa_epops	Bucerotiformes
B10K-DU-012-80	Bucorvus_abyssinicus	Bucerotiformes
APP-029	Merops_nubicus	Coraciiformes
B10K-DU-002-51	Eurystomus_gularis	Coraciiformes
B10K-DU-012-52	Brachypteracias_leptosomus	Coraciiformes
B10K-DU-002-69	Todus_mexicanus	Coraciiformes
B10K-DU-001-61	Chloroceryle_aenea	Coraciiformes
B10K-DU-024-03	Halcyon_senegalensis	Coraciiformes
B10K-DU-001-16	Bucco_capensis	Piciformes
B10K-DU-001-62	Galbula_dea	Piciformes
B10K-DU-001-78	Indicator_maculatus	Piciformes
B10K-DU-001-30	Ramphastos_sulfuratus	Piciformes
B10K-DU-002-37	Tricholaema_leucomelas	Piciformes
B10K-DU-007-40	Trogon_melanurus	Trogoniformes
APP-004	Apaloderma_vittatum	Trogoniformes
B10K-DU-030-59	Urocolius_indicus	Coliiformes
APP-014	Colius_striatus	Coliiformes
APP-045	Tyto_alba	Strigiformes
B10K-DU-001-07	Ciccaba_nigrolineata	Strigiformes
B10K-DU-008-63	Glaucidium_brasilianum	Strigiformes
APP-011	Cathartes_aura	Accipitriformes
B10K-DU-010-60	Circaetus_pectoralis	Accipitriformes
OUT-0040	Haliaeetus_albicilla	Accipitriformes
B10K-DU-007-42	Spizaetus_tyrannus	Accipitriformes
NCBI-014	Aquila_chrysaetos	Accipitriformes
APP-010	Cariama_cristata	Cariamiformes
B10K-CU-031-22	Chunga_burmeisteri	Cariamiformes
APP-031	Nestor_notabilis	Psittaciformes
APP-028	Melopsittacus_undulatus	Psittaciformes
B10K-DU-001-46	Amazona_guildingii	Psittaciformes
APP-002	Acanthisitta_chloris	Passeriformes
B10K-DU-029-61	Atrichornis_clamosus	Passeriformes
B10K-CU-030-46	Menura_novaehollandiae	Passeriformes
B10K-DU-012-10	Ptilonorhynchus_violaceus	Passeriformes
B10K-DU-029-53	Climacteris_rufus	Passeriformes
B10K-DU-029-44	Malurus_elegans	Passeriformes
B10K-DU-029-49	Dasyornis_broadbenti	Passeriformes
B10K-DU-029-52	Origma_solitaria	Passeriformes
B10K-DU-029-51	Pardalotus_punctatus	Passeriformes
B10K-DU-029-50	Grantiella_picta	Passeriformes
B10K-DU-002-71	Pomatostomus_ruficeps	Passeriformes
B10K-DU-029-32	Orthonyx_spaldingii	Passeriformes
B10K-CU-031-17	Ptilorrhoa_leucosticta	Passeriformes
B10K-DU-030-22	Mohoua_ochrocephala	Passeriformes
B10K-DU-029-47	Daphoenositta_chrysoptera	Passeriformes
B10K-DU-029-39	Eulacestoma_nigropectus	Passeriformes
B10K-DU-029-42	Oreocharis_arfaki	Passeriformes
B10K-IZ-033-77	Pteruthius_melanotis	Passeriformes
B10K-DU-001-22	Vireo_altiloquus	Passeriformes
B10K-DU-002-58	Erpornis_zantholeuca	Passeriformes
B10K-DU-002-24	Oriolus_oriolus	Passeriformes
B10K-DU-001-28	Pachycephala_philippinensis	Passeriformes
B10K-DU-029-77	Falcunculus_frontatus	Passeriformes
B10K-DU-029-36	Aleadryas_rufinucha	Passeriformes
B10K-CU-031-19	Chaetorhynchus_papuensis	Passeriformes
B10K-DU-029-33	Struthidea_cinerea	Passeriformes
NCBI-020	Corvus_cornix	Passeriformes
B10K-DU-029-41	Ifrita_kowaldi	Passeriformes
B10K-DU-002-22	Paradisaea_raggiana	Passeriformes
B10K-DU-029-43	Machaerirhynchus_nigripectus	Passeriformes
B10K-DU-029-40	Rhagologus_leucostigma	Passeriformes
B10K-DU-002-56	Dryoscopus_gambensis	Passeriformes
B10K-DU-001-71	Dyaphorophyia_castanea	Passeriformes
B10K-DU-002-82	Mystacornis_crossleyi	Passeriformes
B10K-DU-002-05	Gymnorhina_tibicen	Passeriformes
B10K-DU-001-25	Edolisoma_coerulescens	Passeriformes
B10K-DU-029-38	Cnemophilus_loriae	Passeriformes
B10K-Callaeas_wilsoni	Callaeas_wilsoni	Passeriformes
B10K-DU-011-42	Anthoscopus_minutus	Passeriformes
OUT-0023	Poecile_atricapillus	Passeriformes
NCBI-022	Parus_major	Passeriformes
B10K-DU-001-15	Alaudala_cheleensis	Passeriformes
B10K-DU-009-59	Sylvietta_virens	Passeriformes
B10K-DU-002-18	Hippolais_icterina	Passeriformes
OUT-0054	Acrocephalus_arundinaceus	Passeriformes
B10K-DU-001-63	Donacobius_atricapilla	Passeriformes
B10K-DU-002-09	Locustella_ochotensis	Passeriformes
B10K-DU-001-67	Hirundo_rustica	Passeriformes
NCBI-033	Phylloscopus_trochilus	Passeriformes
B10K-DU-002-26	Rhadina_sibilatrix	Passeriformes
B10K-DU-001-70	Hylia_prasina	Passeriformes
B10K-DU-002-10	Aegithalos_caudatus	Passeriformes
B10K-DU-002-60	Erythrocercus_mccallii	Passeriformes
B10K-DU-002-08	Sinosuthora_webbiana	Passeriformes
B10K-DU-002-19	Sylvia_borin	Passeriformes
OUT-0013	Sylvia_atricapilla	Passeriformes
B10K-IZ-033-81	Pomatorhinus_ruficollis	Passeriformes
B10K-DU-002-01	Illadopsis_cleaveri	Passeriformes
B10K-DU-002-43	Leiothrix_lutea	Passeriformes
B10K-DU-001-36	Zosterops_hypoxanthus	Passeriformes
B10K-DU-001-27	Sterrhoptilus_dennistouni	Passeriformes
B10K-DU-002-42	Pycnonotus_jocosus	Passeriformes
B10K-DU-002-40	Nicator_chloris	Passeriformes
B10K-DU-001-68	Thryothorus_ludovicianus	Passeriformes
B10K-DU-001-66	Polioptila_caerulea	Passeriformes
OUT-0039	Certhia_familiaris	Passeriformes
B10K-DU-012-02	Buphagus_erythrorhynchus	Passeriformes
NCBI-002	Sturnus_vulgaris	Passeriformes
B10K-DU-001-29	Rhabdornis_inornatus	Passeriformes
B10K-DU-001-17	Catharus_fuscescens	Passeriformes
B10K-DU-001-74	Oenanthe_oenanthe	Passeriformes
OUT-0024	Cercotrichas_coryphaeus	Passeriformes
B10K-DU-001-18	Regulus_satrapa	Passeriformes
B10K-DU-002-23	Bombycilla_garrulus	Passeriformes
B10K-UC-030-53	Promerops_cafer	Passeriformes
B10K-DU-001-34	Dicaeum_eximium	Passeriformes
B10K-DU-001-35	Leptocoma_aspasia	Passeriformes
B10K-DU-002-57	Chloropsis_cyanopogon	Passeriformes
B10K-IZ-033-78	Chloropsis_hardwickii	Passeriformes
B10K-DU-002-52	Peucedramus_taeniatus	Passeriformes
B10K-DU-012-38	Urocynchramus_pylzowi	Passeriformes
B10K-DU-001-79	Ploceus_nigricollis	Passeriformes
B10K-DU-002-50	Vidua_macroura	Passeriformes
NCBI-031	Lonchura_striata	Passeriformes
B10K-DU-012-46	Prunella_fulvescens	Passeriformes
B10K-DU-013-18	Prunella_himalayana	Passeriformes
NCBI-021	Passer_domesticus	Passeriformes
B10K-DU-001-75	Motacilla_alba	Passeriformes
OUT-0011	Loxia_curvirostra	Passeriformes
B10K-DU-001-19	Loxia_leucoptera	Passeriformes
B10K-DU-015-28	Calcarius_ornatus	Passeriformes
B10K-DU-015-11	Emberiza_fucata	Passeriformes
OUT-0018	Pheucticus_melanocephalus	Passeriformes
B10K-DU-001-69	Cardinalis_cardinalis	Passeriformes
OUT-0017	Passerina_amoena	Passeriformes
OUT-0049	Molothrus_ater	Passeriformes
OUT-0050	Agelaius_phoeniceus	Passeriformes
NCBI-010	Setophaga_coronata	Passeriformes
B10K-DU-001-45	Setophaga_kirtlandii	Passeriformes
NCBI-007	Zonotrichia_albicollis	Passeriformes
OUT-0008	Melospiza_melodia	Passeriformes
B10K-DU-030-03	Drymodes_brunneopygia	Passeriformes
B10K-DU-029-37	Melanocharis_versteri	Passeriformes
B10K-DU-001-01	Cephalopterus_ornatus	Passeriformes
B10K-DU-001-72	Pachyramphus_minor	Passeriformes
B10K-DU-002-07	Oxyruncus_cristatus	Passeriformes
B10K-DU-007-02	Piprites_chloris	Passeriformes
B10K-DU-004-15	Neopipo_cinnamomea	Passeriformes
B10K-DU-001-37	Tyrannus_savana	Passeriformes
B10K-DU-003-16	Mionectes_macconnelli	Passeriformes
NCBI-008	Lepidothrix_coronata	Passeriformes
OUT-0047	Manacus_manacus	Passeriformes
B10K-DU-001-06	Sakesphorus_luctuosus	Passeriformes
B10K-DU-001-02	Grallaria_varia	Passeriformes
B10K-DU-002-46	Scytalopus_superciliaris	Passeriformes
B10K-DU-001-03	Sclerurus_mexicanus	Passeriformes
B10K-DU-003-06	Furnarius_figulus	Passeriformes
B10K-DU-001-09	Campylorhamphus_procurvoides	Passeriformes
OUT-0059	Xiphorhynchus_elegans	Passeriformes
B10K-DU-002-53	Pitta_sordida	Passeriformes
B10K-DU-030-41	Sapayoa_aenigma	Passeriformes
B10K-DU-002-55	Calyptomena_viridis	Passeriformes
B10K-CU-031-20	Smithornis_capensis	Passeriformes
B10K-DU-005-78	Herpetotheres_cachinnans	Falconiformes
NCBI-006	Falco_cherrug	Falconiformes
B10K-CU-031-38	Anhinga_anhinga	Pelecaniformes
NCBI-027	Phalacrocorax_pelagicus	Pelecaniformes
APP-036	Phalacrocorax_carbo	Pelecaniformes
NCBI-028	Phalacrocorax_auritus	Pelecaniformes
NCBI-030	Phalacrocorax_brasilianus	Pelecaniformes
APP-018	Egretta_garzetta	Pelecaniformes
B10K-CU-031-03	Cochlearius_cochlearius	Pelecaniformes
B10K-DU-001-44	Mesembrinibis_cayennensis	Pelecaniformes
B10K-DU-001-47	Ciconia_maguari	Pelecaniformes
APP-005	Aptenodytes_forsteri	Sphenisciformes
APP-041	Pygoscelis_adeliae	Sphenisciformes
B10K-CU-031-11	Oceanites_oceanicus	Procellariiformes
B10K-DU-006-09	Fregetta_grallaria	Procellariiformes
APP-021	Fulmarus_glacialis	Procellariiformes
B10K-DU-012-45	Pelecanoides_urinatrix	Procellariiformes
OUT-0025	Calonectris_borealis	Procellariiformes
B10K-DU-001-32	Hydrobates_tethys	Procellariiformes
APP-022	Gavia_stellata	Gaviiformes
APP-035	Phaethon_lepturus	Phaethontiformes
APP-019	Eurypyga_helias	Eurypygiformes
B10K-DU-029-58	Rhynochetos_jubatus	Eurypygiformes
B10K-DU-002-13	Himantopus_himantopus	Charadriiformes
B10K-DU-001-64	Burhinus_bistriatus	Charadriiformes
B10K-DU-029-80	Pedionomus_torquatus	Charadriiformes
B10K-DU-002-47	Thinocorus_orbignyianus	Charadriiformes
B10K-DU-002-59	Jacana_jacana	Charadriiformes
B10K-DU-002-14	Nycticryphes_semicollaris	Charadriiformes
B10K-DU-006-20	Rostratula_benghalensis	Charadriiformes
OUT-0016	Limosa_lapponica	Charadriiformes
B10K-DU-005-73	Arenaria_interpres	Charadriiformes
B10K-DU-029-46	Turnix_velox	Charadriiformes
B10K-DU-012-55	Dromas_ardeola	Charadriiformes
B10K-DU-002-36	Rhinoptilus_africanus	Charadriiformes
B10K-CU-031-08	Glareola_pratincola	Charadriiformes
B10K-DU-002-16	Rynchops_niger	Charadriiformes
B10K-DU-021-33	Chroicocephalus_maculipennis	Charadriiformes
B10K-DU-002-28	Larus_smithsonianus	Charadriiformes
OUT-0021	Rissa_tridactyla	Charadriiformes
B10K-DU-001-20	Stercorarius_parasiticus	Charadriiformes
OUT-0020	Cepphus_grylle	Charadriiformes
OUT-0003	Alca_torda	Charadriiformes
NCBI-035	Uria_lomvia	Charadriiformes
OUT-0019	Uria_aalge	Charadriiformes
B10K-DU-001-60	Psophia_crepitans	Gruiformes
APP-006	Balearica_regulorum	Gruiformes
B10K-DU-002-11	Aramus_guarauna	Gruiformes
B10K-DU-001-55	Heliornis_fulica	Gruiformes
B10K-DU-011-36	Chauna_torquata	Anseriformes
NCBI-009	Anser_cygnoid	Anseriformes
OUT-0036	Cairina_moschata	Anseriformes
NCBI-032	Anas_zonorhyncha	Anseriformes
NCBI-037	Anas_platyrhynchos	Anseriformes
B10K-DU-001-57	Anseranas_semipalmata	Anseriformes
B10K-DU-001-08	Penelope_pileata	Galliformes
OUT-0062	Numida_meleagris	Galliformes
B10K-DU-001-53	Odontophorus_gujanensis	Galliformes
NCBI-025	Callipepla_squamata	Galliformes
NCBI-024	Colinus_virginianus	Galliformes
NCBI-001	Coturnix_japonica	Galliformes
OUT-0045	Phasianus_colchicus	Galliformes